,city,Latitude,Longitude,Max Temp,Humidity,Cloudiness,Wind Speed,Country,Date
0,mys shmidta,,,,,,,,
1,qaanaaq,77.484,-69.3632,40.33,75,4,3.13,GL,1627007456
2,isla mujeres,21.2311,-86.731,84.25,85,0,8.39,MX,1627007456
3,barentsburg,,,,,,,,
4,puerto ayora,-0.7393,-90.3518,72.55,87,97,4,EC,1627007457
5,hasaki,35.7333,140.8333,90.28,67,80,8.72,JP,1627007457
6,provideniya,64.3833,-173.3,46.51,76,75,11.18,RU,1627007457
7,tuktoyaktuk,69.4541,-133.0374,51.8,100,90,17.27,CA,1627007458
8,ushuaia,-54.8,-68.3,38.86,70,40,3.44,AR,1627007453
9,gambela,8.25,34.5833,68.11,85,78,2.98,ET,1627007458
10,port alfred,-33.5906,26.891,51.66,70,85,18.92,ZA,1627007458
11,linxia,35.6003,103.2064,80.04,48,91,3.31,CN,1627007458
12,sulphur,30.2366,-93.3774,84.18,84,1,3.44,US,1627007459
13,vaini,-21.2,-175.2,80.76,78,20,6.91,TO,1627007459
14,solovetskiy,,,,,,,,
15,bonavista,48.6499,-53.1147,52.12,94,97,8.88,CA,1627007460
16,albany,42.6001,-73.9662,68.65,68,100,3,US,1627007222
17,rikitea,-23.1203,-134.9692,73.74,74,4,19.84,PF,1627007460
18,nemuro,43.3236,145.575,79.23,90,63,14.16,JP,1627007460
19,iqaluit,63.7506,-68.5145,51.53,81,90,15.01,CA,1627007386
20,bilma,18.6853,12.9164,83.44,49,100,12.5,NE,1627007461
21,cherskiy,68.75,161.3,64.35,61,100,6.31,RU,1627007461
22,mezen,65.8522,44.24,46.15,92,100,5.95,RU,1627007461
23,hobart,-42.8794,147.3294,58.23,55,75,3,AU,1627007458
24,toliary,,,,,,,,
25,buala,-8.145,159.5921,85.05,69,18,6.76,SB,1627007462
26,narsaq,60.9167,-46.05,46.62,96,100,5.84,GL,1627007462
27,kutum,14.2,24.6667,70.39,75,71,7.92,SD,1627007463
28,butaritari,3.0707,172.7902,83.01,77,93,14.94,KI,1627007463
29,busselton,-33.65,115.3333,57.04,72,97,21.39,AU,1627007463
30,iglesias,39.3114,8.535,70.63,36,0,2.39,IT,1627007464
31,taupo,-38.6833,176.0833,56.25,68,73,0.47,NZ,1627007464
32,erenhot,43.6475,111.9767,86.56,29,5,9.31,CN,1627007464
33,ginda,30.6945,78.4932,69.96,79,97,1.99,IN,1627007464
34,yellowknife,62.456,-114.3525,63.12,94,90,5.01,CA,1627007465
35,russell,32.3502,-85.1999,80.2,90,1,5.75,US,1627007465
36,atuona,-9.8,-139.0333,77.23,75,96,11.21,PF,1627007465
37,port elizabeth,-33.918,25.5701,48.49,87,90,12.66,ZA,1627007466
38,jamestown,42.097,-79.2353,64.04,59,20,3.44,US,1627007225
39,samusu,,,,,,,,
40,san quintin,30.4833,-115.95,69.91,84,2,7.67,MX,1627007466
41,zhezkazgan,47.8043,67.7144,79.63,36,0,10.45,KZ,1627007467
42,tautira,-17.7333,-149.15,84.22,69,1,10.85,PF,1627007467
43,santa marta,11.2408,-74.199,84.97,73,77,21,CO,1627007467
44,nuuk,64.1835,-51.7216,40.87,100,75,9.22,GL,1627007467
45,ribeira grande,38.5167,-28.7,68.34,80,36,7.72,PT,1627007468
46,bethel,41.3712,-73.414,71.96,83,1,4.61,US,1627007468
47,dunedin,-45.8742,170.5036,51.91,54,9,4.38,NZ,1627007194
48,kapaa,22.0752,-159.319,84.18,80,90,3,US,1627007469
49,sabang,5.8933,95.3214,83.73,76,100,23.02,ID,1627007469
50,amapa,1,-52,71.28,99,87,2.01,BR,1627007469
51,padang,-0.9492,100.3543,86.05,67,55,2.73,ID,1627007408
52,canakkale,40.0833,26.8333,68.61,83,0,4.88,TR,1627007470
53,tsihombe,,,,,,,,
54,papetoai,-17.4961,-149.8729,83.79,64,13,12.71,PF,1627007470
55,tura,25.5198,90.2201,83.7,75,33,4.18,IN,1627007470
56,yuanping,38.7153,112.7575,75.02,67,100,4.56,CN,1627007470
57,pochutla,15.7432,-96.4661,79.65,88,57,4.29,MX,1627007471
58,kokuy,52.2037,117.5529,70.68,89,97,5.35,RU,1627007471
59,tilichiki,60.4667,166.1,63.73,57,83,8.12,RU,1627007472
60,bluff,-46.6,168.3333,52.81,66,89,9.82,NZ,1627007472
61,ughelli,5.4899,6.0074,74.34,88,100,2.77,NG,1627007472
62,hithadhoo,-0.6,73.0833,81.37,76,100,14,MV,1627007472
63,san patricio,28.017,-97.5169,84.83,79,71,12.24,US,1627007473
64,tuatapere,-46.1333,167.6833,52.83,67,28,4.99,NZ,1627007473
65,kirovskiy,45.0917,133.5136,92.52,50,9,2.71,RU,1627007473
66,broken hill,-31.95,141.4333,46.11,87,90,14.97,AU,1627007474
67,bredasdorp,-34.5322,20.0403,40.32,93,99,3.44,ZA,1627007474
68,avarua,-21.2078,-159.775,80.65,74,40,12.66,CK,1627007474
69,hofn,64.2539,-15.2082,53.38,97,100,2.77,IS,1627007474
70,arraial do cabo,-22.9661,-42.0278,68.36,74,17,10.45,BR,1627007475
71,sao jose da coroa grande,-8.8978,-35.1478,73.58,84,28,11.01,BR,1627007176
72,hilo,19.7297,-155.09,77.25,90,90,8.05,US,1627007475
73,tiksi,71.6872,128.8694,47.62,74,100,10.38,RU,1627007475
74,beloha,-25.1667,45.05,63.97,87,5,4.97,MG,1627007476
75,cape town,-33.9258,18.4232,44.11,85,0,1.01,ZA,1627007476
76,townsville,-19.25,146.8,77.88,53,20,11.5,AU,1627007476
77,kamaishi,39.2667,141.8833,81.55,87,89,7.43,JP,1627007476
78,illoqqortoormiut,,,,,,,,
79,lebu,-37.6167,-73.65,50.79,85,100,8.14,CL,1627007477
80,mataura,-46.1927,168.8643,52.48,72,50,3.06,NZ,1627007477
81,saskylakh,71.9167,114.0833,67.1,63,66,9.78,RU,1627007478
82,chuy,-33.6971,-53.4616,49.66,79,91,6.62,UY,1627007478
83,amderma,,,,,,,,
84,victoria,22.2855,114.1577,91.26,79,47,7,HK,1627007476
85,severo-kurilsk,50.6789,156.125,57.16,86,53,4.29,RU,1627007478
86,arroyo,41.6096,-4.7969,72.59,28,100,6.15,ES,1627007479
87,pevek,69.7008,170.3133,43.92,67,6,7.36,RU,1627007479
88,punta arenas,-53.15,-70.9167,35.71,87,20,13.8,CL,1627007479
89,hermanus,-34.4187,19.2345,42.91,74,59,10.02,ZA,1627007479
90,clyde river,70.4692,-68.5914,35.83,100,90,8.05,CA,1627007480
91,emerald,-23.5333,148.1667,75.34,46,17,19.57,AU,1627007480
92,ludvika,60.1496,15.1878,58.03,76,0,4.65,SE,1627007480
93,belushya guba,,,,,,,,
94,alofi,-19.0595,-169.9187,82.29,74,75,8.05,NU,1627007481
95,banda aceh,5.5577,95.3222,85.41,67,100,15.19,ID,1627007481
96,bolungarvik,,,,,,,,
97,fort nelson,58.8053,-122.7002,58.59,100,90,5.75,CA,1627007411
98,talnakh,69.4865,88.3972,56.57,72,100,5.01,RU,1627007481
99,fairbanks,64.8378,-147.7164,82.4,41,1,11.5,US,1627007482
100,thompson,55.7435,-97.8558,78.96,61,75,5.75,CA,1627007482
101,ancud,-41.8697,-73.8203,46.22,82,100,7.02,CL,1627007482
102,lagoa,39.05,-27.9833,67.66,78,29,11.34,PT,1627007318
103,snasa,64.2457,12.3778,50.25,98,100,5.5,NO,1627007483
104,adrar,20.5022,-10.0711,85.66,17,5,9.69,MR,1627007483
105,muisne,0.6,-80.0333,76.26,81,100,9.75,EC,1627007483
106,victor harbor,-35.5667,138.6167,56.46,86,98,7.38,AU,1627007484
107,santa rosa,14.3122,121.1114,83.1,83,100,13.98,PH,1627007198
108,saint-philippe,-21.3585,55.7679,65.79,76,43,12.66,RE,1627007484
109,tigzirt,36.8886,4.1198,80.74,46,0,3.15,DZ,1627007484
110,aquiraz,-3.9014,-38.3911,83.21,64,7,17.13,BR,1627007485
111,khormuj,,,,,,,,
112,katsuura,35.1333,140.3,89.71,68,15,7.94,JP,1627007485
113,chicama,-7.8447,-79.1469,63.14,77,46,4.05,PE,1627007485
114,upernavik,72.7868,-56.1549,40.68,94,100,1.16,GL,1627007486
115,new norfolk,-42.7826,147.0587,57.88,56,43,4,AU,1627007486
116,uchiza,-8.4592,-76.4633,69.3,81,30,2.91,PE,1627007486
117,sawakin,19.1059,37.3321,89.46,56,100,13.09,SD,1627007486
118,sao filipe,14.8961,-24.4956,73.99,85,10,8.61,CV,1627007487
119,garowe,8.4054,48.4845,74.79,66,59,27.83,SO,1627007487
120,rocha,-34.4833,-54.3333,48.96,78,70,7.74,UY,1627007487
121,union,40.6334,-74.2663,77.16,63,75,5.75,US,1627007488
122,fortuna,40.5982,-124.1573,61.86,74,1,12.66,US,1627007488
123,evensk,61.95,159.2333,52.68,90,100,5.03,RU,1627007488
124,taolanaro,,,,,,,,
125,kindu,-2.95,25.95,69.01,47,16,3.11,CD,1627007488
126,umzimvubu,,,,,,,,
127,chokurdakh,70.6333,147.9167,56.16,44,2,8.7,RU,1627007489
128,khatanga,71.9667,102.5,68.76,52,100,5.59,RU,1627007489
129,grand river south east,,,,,,,,
130,turan,16.0678,108.2208,93.18,49,75,12.66,VN,1627007489
131,gat,31.61,34.7642,76.41,100,74,6.31,IL,1627007490
132,along,28.1667,94.7667,89.87,61,9,1.39,IN,1627007490
133,mount darwin,-16.7725,31.5838,58.17,50,43,4.18,ZW,1627007490
134,phangnga,8.4509,98.5298,87.82,74,100,9.24,TH,1627007491
135,kazalinsk,,,,,,,,
136,bambous virieux,-20.3428,57.7575,70.05,78,20,11.5,MU,1627007491
137,svetlaya,46.5389,138.3297,76.91,72,88,7.94,RU,1627007491
138,andevoranto,,,,,,,,
139,okhotsk,59.3833,143.3,58.8,87,100,5.26,RU,1627007492
140,shimoda,34.6667,138.95,88.11,70,32,6.6,JP,1627007492
141,voi,-3.3945,38.563,67.28,81,75,9.82,KE,1627007492
142,grindavik,63.8424,-22.4338,55.9,100,90,17.27,IS,1627007492
143,kaitangata,-46.2817,169.8464,55.92,50,16,4.27,NZ,1627007493
144,kavaratti,10.5669,72.642,81.91,82,100,25.39,IN,1627007493
145,airai,-8.9266,125.4092,76.12,23,7,3.49,TL,1627007493
146,nizhneyansk,,,,,,,,
147,kasongo-lunda,-6.4667,16.8167,64.11,34,68,1.74,CD,1627007494
148,pontes e lacerda,-15.2261,-59.3353,70.07,39,0,3.22,BR,1627007494
149,kayalpattinam,8.5667,78.1167,82.71,69,75,9.22,IN,1627007494
150,vila velha,-20.3297,-40.2925,64.35,94,20,2.3,BR,1627007469
151,kruisfontein,-34.0033,24.7314,43.88,77,100,7.09,ZA,1627007495
152,harper,4.375,-7.7169,75.47,85,100,11.83,LR,1627007495
153,kieta,-6.2167,155.6333,83.28,77,37,6.91,PG,1627007496
154,djambala,-2.5447,14.7533,67.33,65,66,5.61,CG,1627007496
155,castro,-24.7911,-50.0119,46.49,69,0,3.4,BR,1627007496
156,ponta do sol,32.6667,-17.1,72.72,81,10,7.05,PT,1627007496
157,nikolskoye,59.7035,30.7861,60.69,82,97,5.53,RU,1627007497
158,bend,44.0582,-121.3153,81.68,22,1,8.99,US,1627006654
159,tyukhtet,56.5389,89.3011,73.29,48,0,10.45,RU,1627007497
160,carnarvon,-24.8667,113.6333,68.07,67,96,9.22,AU,1627007497
161,cayenne,4.9333,-52.3333,79.09,86,40,1.14,GF,1627007498
162,biritiba-mirim,-23.5698,-46.0407,57.09,95,24,0.51,BR,1627007498
163,port blair,11.6667,92.75,83.41,81,95,22.15,IN,1627007498
164,bonfim,3.0833,-59.95,76.5,85,100,3.36,BR,1627007499
165,karauzyak,,,,,,,,
166,torbay,47.6666,-52.7314,52.57,99,90,10.36,CA,1627007499
167,sentyabrskiy,,,,,,,,
168,puerto del rosario,28.5004,-13.8627,71.35,73,13,19.57,ES,1627007499
169,suesca,5.1029,-73.7984,55,99,100,3.56,CO,1627007500
170,vestmannaeyjar,63.4427,-20.2734,53.13,98,100,19.82,IS,1627007500
171,ahipara,-35.1667,173.1667,58.6,62,1,9.04,NZ,1627007500
172,mbanza-ngungu,-5.25,14.8667,62.64,89,69,7.43,CD,1627007501
173,salinopolis,-0.6136,-47.3561,77.94,86,17,9.78,BR,1627007501
174,jiwani,25.05,61.7417,84.67,86,0,7.34,PK,1627007501
175,temir,49.1414,57.13,85.01,25,3,11.88,KZ,1627007501
176,bengkulu,-3.8004,102.2655,82.42,67,91,2.08,ID,1627007502
177,lavrentiya,65.5833,-171,43.56,81,98,2.15,RU,1627007502
178,tazovskiy,67.4667,78.7,50,66,97,2.68,RU,1627007502
179,saldanha,-33.0117,17.9442,39.25,73,0,9.71,ZA,1627007502
180,mount gambier,-37.8333,140.7667,48.11,81,90,13.8,AU,1627007503
181,eydhafushi,5.1033,73.0708,81.95,76,96,14.99,MV,1627007503
182,graham,47.0529,-122.2943,75.02,41,1,0,US,1627007503
183,laguna,38.421,-121.4238,98.44,30,1,4,US,1627007504
184,casablanca,33.5928,-7.6192,73.62,88,99,11.01,MA,1627007504
185,codrington,-38.2667,141.9667,47.44,83,100,11.32,AU,1627007504
186,east london,-33.0153,27.9116,52.83,68,97,20.29,ZA,1627007504
187,saint george,37.1041,-113.5841,81.39,70,20,5.01,US,1627007225
188,avera,33.194,-82.5271,80.71,78,37,3.22,US,1627007505
189,nanortalik,60.1432,-45.2371,43.74,94,99,6.85,GL,1627007505
190,gorontalo,0.5412,123.0595,86.23,64,14,4.85,ID,1627007250
191,lake city,30.1897,-82.6393,82.99,94,1,0,US,1627007324
192,rio grande,-32.035,-52.0986,51.94,90,100,9.17,BR,1627007506
193,yumen,40.2833,97.2,88.79,26,62,12.28,CN,1627007506
194,hualmay,-11.0964,-77.6139,63.25,85,6,9.75,PE,1627007506
195,san rafael,-34.6177,-68.3301,56.39,27,100,2.86,AR,1627007336
196,havre-saint-pierre,50.2334,-63.5986,57.56,94,90,5.75,CA,1627007507
197,sandpoint,48.2766,-116.5533,79.56,26,1,1.01,US,1627007293
198,anchorage,61.2181,-149.9003,69.93,66,40,1.01,US,1627007416
199,dudinka,69.4058,86.1778,57.88,59,26,12.86,RU,1627007507
200,puerto el triunfo,13.2833,-88.55,86.92,66,100,3.2,SV,1627007507
201,bubaque,11.2833,-15.8333,80.47,84,100,16.91,GW,1627007508
202,calama,-22.4667,-68.9333,46.89,11,0,16.11,CL,1627007508
203,barrow,71.2906,-156.7887,39.22,81,90,17.27,US,1627007508
204,geraldton,-28.7667,114.6,61.21,88,75,8.05,AU,1627007478
205,pitimbu,-7.4706,-34.8086,72.19,83,87,11.54,BR,1627007509
206,norman wells,65.282,-126.8329,75.24,57,75,14.97,CA,1627007509
207,sao joao da barra,-21.6403,-41.0511,66.06,77,0,3.02,BR,1627007509
208,yatou,37.15,122.3833,86.36,54,95,3.96,CN,1627007509
209,kavieng,-2.5744,150.7967,84.18,73,35,11.68,PG,1627007510
210,noumea,-22.2763,166.4572,75.99,99,94,10.96,NC,1627007510
211,samarai,-10.6167,150.6667,80.04,79,72,10.89,PG,1627007510
212,berlevag,70.8578,29.0864,43.59,78,100,23.42,NO,1627007511
213,hirado,33.3597,129.5531,87.15,74,100,8.5,JP,1627007511
214,sunrise manor,36.2111,-115.0731,96.24,38,1,9.22,US,1627007511
215,saint-georges,12.0564,-61.7485,80.28,89,20,8.05,GD,1627007511
216,port-gentil,-0.7193,8.7815,74.5,77,100,12.75,GA,1627007512
217,chifeng,42.2683,118.9636,84.29,45,30,13.38,CN,1627007512
218,port keats,-14.25,129.55,86.18,40,48,6.6,AU,1627007512
219,georgetown,5.4112,100.3354,85.95,72,20,5.75,MY,1627007295
220,rorvik,64.8621,11.2373,53.42,83,100,12.37,NO,1627007513
221,mar del plata,-38.0023,-57.5575,56.12,65,0,14,AR,1627007274
222,road town,18.4167,-64.6167,82.2,81,1,20.98,VG,1627007513
223,lyngseidet,69.5763,20.2189,44.69,93,100,7.72,NO,1627007513
224,jalu,29.0331,21.5482,77.23,61,1,14.47,LY,1627007514
225,irpa irpa,-17.7167,-66.2667,63.86,53,3,0.36,BO,1627007514
226,guatemalita,,,,,,,,
227,soyo,-6.1349,12.3689,70.43,83,53,4.61,AO,1627007514
228,dikson,73.5069,80.5464,38.5,94,98,17.49,RU,1627007515
229,necochea,-38.5473,-58.7368,53.04,76,100,10.33,AR,1627007406
230,ayan,56.45,138.1667,68.05,70,23,9.48,RU,1627007515
231,saleaula,,,,,,,,
232,palembang,-2.9167,104.7458,84.29,79,40,6.91,ID,1627007463
233,klaksvik,62.2266,-6.589,49.12,94,92,10.33,FO,1627007515
234,ilulissat,69.2167,-51.1,44.62,81,100,3.44,GL,1627007516
235,ha giang,22.8333,104.9833,90.46,65,81,1.21,VN,1627007516
236,inhambane,-23.865,35.3833,66.15,60,0,16.08,MZ,1627007516
237,constitucion,-35.3333,-72.4167,53.11,81,100,6.58,CL,1627007436
238,staritsa,56.5075,34.9354,58.55,69,90,9.75,RU,1627007516
239,kelso,46.1468,-122.9084,80.46,58,1,10.36,US,1627007517
240,ikalamavony,-21.15,46.5833,54.46,78,16,3.8,MG,1627007517
241,vila franca do campo,37.7167,-25.4333,66.61,83,19,5.23,PT,1627007518
242,kalanguy,51.0167,116.5167,67.12,89,100,5.28,RU,1627007518
243,kahului,20.8947,-156.47,85.26,71,40,23.02,US,1627007518
244,galgani,,,,,,,,
245,qingyuan,23.7,113.0333,91.38,59,0,4.09,CN,1627007519
246,arlit,18.7369,7.3853,87.22,43,65,6.33,NE,1627007519
247,roma,43.2128,-75.4557,66.88,75,75,0,US,1627007519
248,dzhebariki-khaya,62.2167,135.8,77.79,50,100,0.34,RU,1627007519
249,ukhta,63.5671,53.6835,57.67,45,6,5.32,RU,1627007520
250,guerrero negro,27.9769,-114.0611,71.22,80,100,14.34,MX,1627007520
251,puerto escondido,15.85,-97.0667,81.43,69,75,8.05,MX,1627007520
252,fare,-16.7,-151.0167,77.81,66,12,13.27,PF,1627007521
253,vaitupu,,,,,,,,
254,cabo san lucas,22.8909,-109.9124,92.52,55,1,7,MX,1627007251
255,sioux lookout,50.1001,-91.917,70.18,83,40,6.91,CA,1627007334
256,hami,42.8,93.45,95.38,24,100,8.57,CN,1627007521
257,opuwo,-18.0607,13.84,53.37,30,0,8.66,NA,1627007522
258,opunake,-39.4556,173.8583,55.35,80,65,11.23,NZ,1627007522
259,mangrol,21.1167,70.1167,82.92,84,100,18.28,IN,1627007522
260,bay roberts,47.5999,-53.2648,53.33,98,100,5.01,CA,1627007522
261,hanzhong,33.0728,107.0303,81.57,79,71,5.48,CN,1627007523
262,mattru,7.6244,-11.8332,73.26,97,99,2.86,SL,1627007523
263,linchuan,,,,,,,,
264,axim,4.8699,-2.2405,74.75,87,49,8.93,GH,1627007523
265,ulladulla,-35.35,150.4667,57.87,57,96,7.9,AU,1627007524
266,tasiilaq,65.6145,-37.6368,42.96,97,100,1.9,GL,1627007524
267,nome,64.5011,-165.4064,50.16,71,1,18.41,US,1627007524
268,mingguang,32.7802,117.9638,86.41,69,100,11.97,CN,1627007524
269,te anau,-45.4167,167.7167,50.63,73,17,4.09,NZ,1627007525
270,lorengau,-2.0226,147.2712,85.17,70,62,7.9,PG,1627007525
271,batemans bay,-35.7167,150.1833,55.9,68,100,6.8,AU,1627007327
272,mahebourg,-20.4081,57.7,70.09,78,20,11.5,MU,1627007525
273,champerico,14.3,-91.9167,83.35,81,68,5.5,GT,1627007526
274,lompoc,34.6391,-120.4579,71.28,80,90,10.36,US,1627007434
275,dauphin,51.1494,-100.0502,77.14,94,1,6.91,CA,1627007526
276,porbandar,21.6422,69.6093,84.18,84,75,11.5,IN,1627007526
277,serenje,-13.2325,30.2352,52.52,70,3,4.18,ZM,1627007527
278,san pedro,14.35,121.0167,82.35,86,90,11.5,PH,1627007527
279,inuvik,68.3499,-133.7218,61.56,72,40,12.66,CA,1627007528
280,covington,39.0837,-84.5086,73.85,75,1,0,US,1627007376
281,ibirama,-27.0569,-49.5178,52.32,95,2,1.07,BR,1627007528
282,mananara,-16.1667,49.7667,66.38,90,32,3.67,MG,1627007528
283,aksha,50.2814,113.2867,78.96,47,24,12.24,RU,1627007528
284,zhigansk,66.7697,123.3711,71.28,52,100,2.73,RU,1627007529
285,saint-francois,46.4154,3.9054,63.18,92,0,3.44,FR,1627007529
286,cache creek,50.8101,-121.3246,75.81,31,28,4.38,CA,1627007517
287,river falls,44.8614,-92.6238,82.49,79,23,10.29,US,1627007529
288,ndele,8.4109,20.6473,66.2,98,83,2.37,CF,1627007530
289,korla,41.7597,86.1469,91.67,17,100,7.54,CN,1627007530
290,yar-sale,66.8333,70.8333,56.08,54,100,10.78,RU,1627007530
291,morehead,37.2711,-87.1764,76.75,86,1,0,US,1627007262
292,srednekolymsk,67.45,153.6833,69.03,38,17,8.68,RU,1627007531
293,selenginsk,52.0064,106.8647,73.81,57,37,7.36,RU,1627007531
294,baruun-urt,46.6806,113.2792,76.21,48,20,10.38,MN,1627007531
295,corinto,37.9407,22.9573,77.68,61,0,2.98,GR,1627007532
296,kattivakkam,13.2167,80.3167,82.49,65,100,16.28,IN,1627007532
297,oranjemund,-28.55,16.4333,53.31,40,1,9.37,NA,1627007532
298,luderitz,-26.6481,15.1594,54.7,38,7,6.22,NA,1627007532
299,karamea,,,,,,,,
300,lodwar,3.1191,35.5973,78.51,58,8,9.42,KE,1627007533
301,fremont,37.5483,-121.9886,82.36,69,1,3,US,1627007387
302,atar,20.5169,-13.0499,82.13,27,37,5.14,MR,1627007533
303,briancon,44.9,6.65,60.04,59,0,2.28,FR,1627007533
304,tumannyy,,,,,,,,
305,aksu,41.1231,80.2644,77.85,47,0,6.26,CN,1627007534
306,cairns,-16.9167,145.7667,88.95,62,31,6.91,AU,1627007309
307,svetlogorsk,52.6333,29.7333,53.87,86,12,5.26,BY,1627007534
308,longido,-2.7333,36.6833,58.17,92,18,7.09,TZ,1627007534
309,raudeberg,61.9875,5.1352,53.2,85,2,22.06,NO,1627007535
310,lolua,,,,,,,,
311,kulhudhuffushi,6.6221,73.07,82.99,74,100,17.34,MV,1627007535
312,gazanjyk,39.2446,55.5154,87.37,16,6,4.56,TM,1627007535
313,mareeba,-17,145.4333,84.33,63,34,2.17,AU,1627007535
314,the valley,18.217,-63.0578,82.26,82,0,20.31,AI,1627007536
315,malkangiri,18.35,81.9,74.57,95,100,7.18,IN,1627007536
316,hovd,48.0056,91.6419,79.63,25,100,8.01,MN,1627007536
317,mao,39.8885,4.2658,73.96,88,0,5.75,ES,1627007536
318,naze,28.3667,129.4833,79.72,92,100,26.71,JP,1627007537
319,guozhen,34.3659,107.359,79.32,79,97,7.61,CN,1627007537
320,kem,64.9555,34.5793,47.89,70,44,11.72,RU,1627007537
321,jacareacanga,-6.2222,-57.7528,78.76,47,56,0.81,BR,1627007538
322,vilhena,-12.7406,-60.1458,68.47,45,0,3.15,BR,1627007538
323,mendahara,,,,,,,,
324,gisborne,-38.6533,178.0042,51.94,81,51,8.81,NZ,1627007443
325,ames,42.0347,-93.6199,78.71,78,1,6.91,US,1627007521
326,labrea,-7.2586,-64.7981,75.15,58,21,1.63,BR,1627007538
327,deputatskiy,69.3,139.9,61.63,51,49,7.47,RU,1627007539
328,urumqi,43.801,87.6005,77.95,39,0,4.47,CN,1627007539
329,bani,18.2833,-70.3333,81.75,80,7,8.66,DO,1627007539
330,faanui,-16.4833,-151.75,78.12,66,23,14.03,PF,1627007539
331,acarau,-2.8856,-40.12,78.91,80,3,17.25,BR,1627007540
332,babaeski,41.4325,27.0931,66.38,67,0,8.48,TR,1627007540
333,pavilosta,56.8879,21.1859,69.75,76,6,15.17,LV,1627007540
334,urdzhar,,,,,,,,
335,mackay,-21.15,149.2,79.68,50,18,16.11,AU,1627007541
336,ebeltoft,56.1944,10.6821,56.37,94,20,3.44,DK,1627007541
337,vanimo,-2.6741,141.3028,85.39,68,86,4.18,PG,1627007541
338,manta,-0.95,-80.7333,71.38,83,40,13.8,EC,1627007542
339,nhulunbuy,-12.2333,136.7667,86.61,48,20,9.22,AU,1627007542
340,lasa,46.6166,10.7002,65.28,85,2,3.22,IT,1627007542
341,zverinogolovskoye,54.4586,64.8542,77.61,53,16,13.65,RU,1627007543
342,montivilliers,49.5452,0.1877,64.02,82,0,8.05,FR,1627007543
343,greeley,40.4233,-104.7091,87.35,51,40,5.75,US,1627007492
344,jevnaker,60.2414,10.385,58.17,80,0,2.3,NO,1627007543
345,lata,40.1629,-8.3327,60.35,95,100,0.45,PT,1627007544
346,asau,46.4333,26.4,58.75,92,13,4.21,RO,1627007544
347,puerto baquerizo moreno,-0.9,-89.6,71.94,77,99,12.41,EC,1627007544
348,carbonia,39.1672,8.5222,71.85,43,0,2.86,IT,1627007544
349,rio gallegos,-51.6226,-69.2181,39.25,65,40,13.8,AR,1627007263
350,archidona,37.0965,-4.3887,77.94,31,76,4.63,ES,1627007545
351,warqla,,,,,,,,
352,formoso do araguaia,,,,,,,,
353,arman,59.7,150.1667,54.3,94,100,2.53,RU,1627007545
354,kargopol,61.5071,38.9456,53.06,97,100,4.54,RU,1627007545
355,skibbereen,51.55,-9.2667,66,91,100,12.44,IE,1627007546
356,cagayan de tawi-tawi,,,,,,,,
357,pemangkat,1.1667,108.9667,85.68,70,82,6.58,ID,1627007546
358,ostrovnoy,68.0531,39.5131,42.98,88,100,19.01,RU,1627007546
359,flinders,-34.5833,150.8552,59.18,65,87,1.01,AU,1627007547
360,mantsala,60.6609,25.2838,56.43,85,71,6.11,FI,1627007547
361,namibe,-15.1961,12.1522,64.99,83,8,7.54,AO,1627007547
362,carroll,39.5501,-77.0164,70.12,81,1,0,US,1627007547
363,pangnirtung,66.1451,-65.7125,44.6,93,90,12.66,CA,1627007548
364,conchas,-23.0153,-48.0106,49.33,90,0,6.49,BR,1627007548
365,giyani,-23.3025,30.7187,47.48,78,5,4.74,ZA,1627007548
366,teknaf,20.8624,92.3058,81.84,88,100,19.62,BD,1627007549
367,alot,23.7667,75.55,77.56,81,100,6.89,IN,1627007549
368,cedar city,37.6775,-113.0619,67.17,79,75,0,US,1627007329
369,show low,34.2542,-110.0298,74.3,90,75,9.22,US,1627007343
370,wilmington,34.2257,-77.9447,80.85,88,1,0,US,1627007211
371,labutta,,,,,,,,
372,dhidhdhoo,6.8833,73.1,83.03,75,100,17.87,MV,1627007549
373,san cristobal,7.7669,-72.225,73.58,98,100,3.87,VE,1627007550
374,haines junction,60.7522,-137.5108,64.35,45,10,13.8,CA,1627007550
375,la ronge,55.1001,-105.2842,75.45,35,75,8.05,CA,1627007550
376,kodiak,57.79,-152.4072,53.11,94,90,14.97,US,1627007551
377,goba,7.0167,39.9833,51.94,87,95,4.59,ET,1627007551
378,zinder,13.8072,8.9881,80.65,65,77,13.62,NE,1627007551
379,kirakira,-10.4544,161.9205,84.15,73,60,9.62,SB,1627007552
380,esmeraldas,-19.7625,-44.3139,59.86,78,49,4.76,BR,1627007552
381,fukue,32.6881,128.8419,82.76,69,0,8.05,JP,1627007552
382,ajdabiya,30.7554,20.2263,75.31,75,0,9.89,LY,1627007552
383,east lake,28.1108,-82.6948,85.95,83,1,5.01,US,1627007446
384,suntar,62.1444,117.6319,75.87,54,100,6.67,RU,1627007553
385,ardakan,32.31,54.0175,86.38,14,67,4.41,IR,1627007553
386,karak,31.1667,35.75,61.52,74,0,9.28,JO,1627007553
387,vao,-22.6667,167.4833,69.57,69,56,6.06,NC,1627007554
388,praia da vitoria,38.7333,-27.0667,68.25,77,20,8.72,PT,1627007554
389,shache,38.4167,77.2406,77.56,43,1,3.51,CN,1627007554
390,verkhnevilyuysk,63.4453,120.3167,68.22,77,100,2.48,RU,1627007554
391,sarangani,5.4033,125.4636,84.52,74,12,16.26,PH,1627007555
392,klyuchi,52.2667,79.1667,73.63,55,73,10.92,RU,1627007555
393,bosaso,11.2842,49.1816,90.66,39,25,24.74,SO,1627007555
394,plettenberg bay,-34.0527,23.3716,48.49,84,100,3.6,ZA,1627007556
395,quatre cocos,-20.2078,57.7625,69.91,71,13,14.12,MU,1627007556
396,saint anthony,45.0205,-93.218,82.33,67,90,1.99,US,1627007556
397,truth or consequences,33.1284,-107.2528,79.92,48,1,18.41,US,1627007556
398,bargal,,,,,,,,
399,urucara,-2.5364,-57.76,76.55,79,31,2.71,BR,1627007557
400,sao francisco,-15.9486,-44.8644,68.59,48,9,8.03,BR,1627007557
401,kendari,-3.945,122.4989,82,74,96,2.91,ID,1627007350
402,anakapalle,17.6833,83.0167,82.35,75,100,17.2,IN,1627007557
403,katangli,51.7102,143.2326,74.97,75,91,6.02,RU,1627007558
404,makakilo city,21.3469,-158.0858,84.52,54,75,9.22,US,1627007558
405,gornopravdinsk,60.05,69.9,77.4,62,16,12.3,RU,1627007558
406,vieste,41.8825,16.175,64.9,50,0,5.86,IT,1627007559
407,kukuna,9.4,-12.6667,73.09,98,66,4.29,SL,1627007559
408,tibati,6.4667,12.6333,64.94,97,100,1.88,CM,1627007559
409,ola,59.5833,151.2833,54.01,87,100,3.76,RU,1627007559
410,san jose,37.3394,-121.895,79.45,54,40,3,US,1627007412
411,byron bay,-28.65,153.6167,68.05,69,99,11.77,AU,1627007560
412,coruripe,-10.1256,-36.1756,72.19,83,10,10.25,BR,1627007560
413,taonan,45.3333,122.7833,92.43,34,17,16.89,CN,1627007560
414,marsh harbour,26.5412,-77.0636,82.35,76,100,6.71,BS,1627007560
415,fort saint james,54.4333,-124.25,60.69,49,57,11.27,CA,1627007561
416,maragogi,-9.0122,-35.2225,72.84,85,30,11.25,BR,1627007561
417,little current,45.9793,-81.9248,66.25,79,11,6.87,CA,1627007561
418,suffolk,40.8668,-72.7996,75.06,82,1,0,US,1627007562
419,san luis,-33.295,-66.3356,54.52,34,100,7.47,AR,1627007562
420,ladario,-19.0047,-57.6017,69.96,30,0,3.13,BR,1627007562
421,alexandria,31.2156,29.9553,80.89,70,0,18.05,EG,1627007359
422,wanning,18.8003,110.3967,87.62,65,89,7.25,CN,1627007562
423,koshurnikovo,54.1667,93.3,71.89,51,100,3.87,RU,1627007563
424,yanan,,,,,,,,
425,tarko-sale,64.9225,77.785,69.3,57,100,11.36,RU,1627007563
426,bilibino,68.0546,166.4372,67.55,35,76,2.35,RU,1627007563
427,chingirlau,51.095,54.0814,68.61,82,88,7.49,KZ,1627007564
428,fuling,29.7022,107.3919,89.24,64,38,2.89,CN,1627007564
429,maamba,-17.3667,27.15,53.04,27,23,3.91,ZM,1627007564
430,jiddah,,,,,,,,
431,thiruvananthapuram,8.4833,76.9167,76.98,94,75,11.5,IN,1627007414
432,pisco,-13.7,-76.2167,62.65,77,90,10.36,PE,1627007564
433,whitehorse,60.7161,-135.0538,68.77,37,75,10,CA,1627007565
434,husavik,66.0449,-17.3389,51.71,81,68,3.36,IS,1627007565
435,bondo,3.8146,23.6866,67.89,98,72,2.84,CD,1627007565
436,aykhal,66,111.5,69.85,36,49,8.81,RU,1627007566
437,cesis,57.3119,25.2746,60.73,98,29,5.66,LV,1627007566
438,dingle,10.9995,122.6711,85.46,71,100,21.21,PH,1627007566
439,bolshegrivskoye,,,,,,,,
440,aflu,,,,,,,,
441,port jervis,41.3751,-74.6927,69.01,68,57,4.23,US,1627007567
442,maykain,,,,,,,,
443,krasnyy kut,50.95,46.9667,65.23,70,100,12.37,RU,1627007567
444,sorvag,,,,,,,,
445,itarema,-2.9248,-39.9167,78.89,80,2,16.22,BR,1627007567
446,bacolod,10.6667,122.95,83.43,81,94,23.76,PH,1627007567
447,lapithos,35.3375,33.1792,77.68,81,0,5.5,CY,1627007568
448,hagere hiywet,8.9833,37.85,56.84,96,98,2.62,ET,1627007568
449,kyren,51.6828,102.1408,68.45,81,89,3.04,RU,1627007568
450,attawapiskat,,,,,,,,
451,puntarenas,9.9763,-84.8384,80.53,95,100,3,CR,1627007569
452,brae,60.3964,-1.353,51.71,78,100,6.31,GB,1627007569
453,lerwick,60.1545,-1.1494,51.8,78,100,7.36,GB,1627007569
454,namasuba,0.6894,32.4214,64.6,61,97,1.25,UG,1627007570
455,belaya gora,68.5333,146.4167,65.89,39,2,8.55,RU,1627007570
456,perth,-31.9333,115.8333,64.53,68,40,11.5,AU,1627007403
457,pamplona,42.8169,-1.6432,68.99,92,0,3.44,ES,1627007570
458,bathsheba,13.2167,-59.5167,81.21,83,40,19.57,BB,1627007570
459,blagoyevo,63.3667,47.9167,51.21,93,98,2.89,RU,1627007571
460,mehamn,71.0357,27.8492,43.48,81,100,19.01,NO,1627007571
461,mandalgovi,45.7625,106.2708,72.41,31,96,5.79,MN,1627007571
462,kyzyl-suu,42.3414,78.0056,68.2,42,0,4.41,KG,1627007572
463,grand gaube,-20.0064,57.6608,70.2,72,13,5.99,MU,1627007572
464,tandalti,13.0167,31.8667,79.52,71,54,8.16,SD,1627007572
465,jabiru,,,,,,,,
466,mangai,-4.05,19.5333,69.48,35,63,2.17,CD,1627007573
467,alekseyevsk,57.8406,108.3492,67.64,73,87,5.12,RU,1627007573
468,reyes,-14.3167,-67.3833,67.8,63,0,2.17,BO,1627007573
469,rincon,32.296,-81.2354,78.85,93,90,0,US,1627007573
470,asfi,32.2994,-9.2372,69.42,83,83,18.41,MA,1627007574
471,kimbe,-5.5502,150.1429,84.49,76,100,1.68,PG,1627007574
472,hirara,24.8,125.2833,82.67,100,75,27.63,JP,1627007574
473,saint-augustin,51.226,-58.6502,48.27,92,100,13.51,CA,1627007574
474,xining,36.6167,101.7667,77.72,46,62,3.94,CN,1627007575
475,baykit,61.67,96.37,75.72,42,40,3.13,RU,1627007534
476,jacala,21.0167,-99.1833,60.96,95,99,2.59,MX,1627007575
477,saryshagan,,,,,,,,
478,sola,-13.8833,167.55,80.58,80,39,16.89,VU,1627007576
479,port hardy,50.6996,-127.4199,60.98,67,90,11.5,CA,1627007576
480,ambon,-3.6954,128.1814,82.54,74,40,2.3,ID,1627007576
481,kitui,-1.367,38.0106,61.57,89,99,5.03,KE,1627007576
482,susangerd,31.5608,48.1831,95.02,17,0,14.03,IR,1627007577
483,touros,-5.1989,-35.4608,74.3,87,11,13.38,BR,1627007577
484,darhan,49.4867,105.9228,75.11,59,79,4.32,MN,1627007577
485,vardo,70.3705,31.1107,45,78,100,27.92,NO,1627007577
486,ramotswa,-24.8716,25.8699,34.36,49,0,5.26,BW,1627007578
487,aklavik,68.2191,-135.0107,61.52,57,54,17.98,CA,1627007578
488,karratha,-20.7377,116.8463,80.49,22,7,12.77,AU,1627007578
489,namatanai,-3.6667,152.4333,83.32,73,17,6.76,PG,1627007578
490,hamilton,39.1834,-84.5333,73.36,76,1,0,US,1627007409
491,sebezh,56.2955,28.4654,55.42,88,10,6.62,RU,1627007579
492,takoradi,4.8845,-1.7554,74.46,88,56,7.92,GH,1627007579
493,ahuimanu,21.4447,-157.8378,85.71,61,20,17.27,US,1627007579
494,palmas de monte alto,-14.2672,-43.1619,68.9,58,0,11.23,BR,1627007580
495,lufilufi,-13.8745,-171.5986,87.58,73,14,18.97,WS,1627007580
496,edson,53.5835,-116.4356,64.54,29,1,11.5,CA,1627007580
497,yamada,39.4667,141.95,78.21,85,92,7.74,JP,1627007581
498,longyearbyen,78.2186,15.6401,44.44,81,75,18.41,SJ,1627007581
499,pacific grove,36.6177,-121.9166,70.81,85,75,4,US,1627007581
500,silca,14.8333,-86.5333,81.41,73,93,2.44,HN,1627007582
501,tomatlan,19.9333,-105.25,79.45,90,100,1.43,MX,1627007582
502,una,20.8167,71.0333,82.74,84,100,16.02,IN,1627007582
503,asosa,10.0667,34.5333,58.71,93,99,3.53,ET,1627007583
504,sorland,67.667,12.6934,49.66,75,100,11.88,NO,1627007583
505,komsomolskiy,40.4272,71.7189,83.12,30,0,4.61,UZ,1627007583
506,abnub,27.2696,31.1511,84.42,52,0,7.52,EG,1627007584
507,carlagan,14.975,122.0456,82.98,77,100,18.61,PH,1627007584
508,tobe,33.7447,132.7901,83.28,74,75,11.5,JP,1627007584
509,feira grande,-9.8944,-36.6793,64.13,95,1,3.33,BR,1627007584
510,kargasok,59.0556,80.8572,75.97,56,100,6.96,RU,1627007585
511,zaoyang,32.1272,112.7542,84.65,73,72,7.43,CN,1627007585
512,kandrian,-6.2167,149.55,79.27,86,100,7.61,PG,1627007585
513,gamba,-2.65,10,70.68,81,93,4.03,GA,1627007586
514,kushima,31.4583,131.2333,82.44,85,100,14.41,JP,1627007586
515,bullhead city,35.1478,-114.5683,108.82,23,1,8.05,US,1627007456
516,virginia beach,36.8529,-75.978,75.27,74,40,0,US,1627007543
517,poum,-20.2333,164.0167,71.82,75,3,3.13,NC,1627007586
518,sassandra,4.95,-6.0833,74.64,88,99,9.4,CI,1627007587
519,auray,47.6703,-2.9918,73.74,65,57,15.37,FR,1627007587
520,mantua,45.1667,10.7833,73.08,81,6,3.27,IT,1627007587
521,dukat,62.55,155.55,46.45,94,100,4.32,RU,1627007587
522,ust-kamchatsk,,,,,,,,
523,awjilah,29.1081,21.2869,76.66,65,1,13.42,LY,1627007588
524,tabuk,17.4189,121.4443,87.3,66,100,5.12,PH,1627007588
525,dubbo,-32.25,148.6167,57.33,67,90,17.27,AU,1627007557
526,bin qirdan,33.1378,11.2197,75.4,72,0,4.65,TN,1627007589
527,keningau,5.3378,116.1602,84.65,54,100,3.47,MY,1627007589
528,sao felix do xingu,-6.6447,-51.995,74.12,55,59,1.79,BR,1627007589
529,caninde,-4.3589,-39.3117,70.81,88,3,3.58,BR,1627007589
530,tayu,-6.5397,111.0518,86.05,59,60,9.13,ID,1627007590
531,iwanai,42.9744,140.5089,85.68,58,100,5.08,JP,1627007590
532,sur,22.5667,59.5289,92.1,54,0,9.22,OM,1627007590
533,tecoanapa,16.5167,-98.75,82.02,77,33,3.27,MX,1627007591
534,pachino,36.7186,15.0907,80.6,68,0,5.48,IT,1627007278
535,muros,42.7762,-9.0603,63.99,89,98,6.04,ES,1627007591
536,inirida,3.8653,-67.9239,72.88,99,100,1.61,CO,1627007591
537,betanzos,43.2804,-8.2147,65.34,91,0,1.01,ES,1627007592
538,turayf,31.6725,38.6637,71.85,40,0,8.05,SA,1627007592
539,hede,33.7681,120.2517,85.55,67,100,11.59,CN,1627007592
540,chagda,,,,,,,,
541,kachiry,53.0675,76.1036,76.17,51,0,6.29,KZ,1627007593
542,male,4.1748,73.5089,84.15,84,75,11.5,MV,1627007496
543,borogontsy,62.6683,131.1683,78.44,44,100,1.66,RU,1627007593
544,rawannawi,,,,,,,,
545,venado tuerto,-33.7456,-61.9688,53.89,77,76,8.43,AR,1627007593
546,swinoujscie,53.9105,14.2471,54.99,80,0,8.86,PL,1627007593
547,alugan,12.2188,125.4808,88.97,59,100,13.82,PH,1627007594
548,iskateley,67.6803,53.1512,48.52,89,100,9.1,RU,1627007594
549,ekhabi,53.5102,142.9671,77.72,57,51,3.15,RU,1627007594
550,chatra,24.2167,84.8667,80.58,69,21,12.82,IN,1627007595
551,castelnaudary,43.3183,1.9545,78.62,80,0,1.99,FR,1627007595
552,piacabucu,-10.4056,-36.4344,73,81,2,11.25,BR,1627007595
553,leningradskiy,69.3833,178.4167,39.52,80,93,10.76,RU,1627007595
554,toftir,,,,,,,,
555,tanga,-5.0667,39.1,70.07,90,24,10.31,TZ,1627007596
556,sibolga,1.7427,98.7792,81.59,72,100,1.01,ID,1627007306
557,kingsport,36.5484,-82.5618,72.72,75,20,0,US,1627007596
558,kuala terengganu,5.3302,103.1408,80.55,89,20,4.61,MY,1627007596
559,yerbogachen,61.2767,108.0108,73.11,54,49,4.99,RU,1627007597
560,lazaro cardenas,17.9583,-102.2,81.9,81,28,5.73,MX,1627007597
561,atambua,-9.1061,124.8925,83.95,38,12,2.08,ID,1627007597
562,rajanpur,29.1035,70.325,96.71,39,5,4.61,PK,1627007598
563,tungkang,,,,,,,,
564,passo de camaragibe,-9.2368,-35.4901,74.75,92,11,4.52,BR,1627007598
565,college,64.8569,-147.8028,82.38,42,40,10.36,US,1627007598
566,marcona,,,,,,,,
567,clemencia,10.5665,-75.325,80.19,88,66,13.11,CO,1627007599
568,santa cruz,-17.8,-63.1667,67.46,68,0,6.91,BO,1627007405
569,pinotepa nacional,16.3167,-98.0167,78.66,79,76,1.59,MX,1627007599
570,umm durman,,,,,,,,
571,dawei,14.0833,98.2,77.9,93,100,5.41,MM,1627007599
572,olafsvik,64.8945,-23.7142,52.25,96,100,11.27,IS,1627007600
573,taoudenni,22.6783,-3.9836,96.93,20,0,8.55,ML,1627007600
574,peleduy,59.6289,112.7406,72.39,67,87,7.23,RU,1627007600
575,palmer,42.1584,-72.3287,70.95,75,95,1.81,US,1627007600
576,shenjiamen,29.9576,122.298,79.36,82,51,26.84,CN,1627007601
577,sinnamary,5.3833,-52.95,78.31,87,55,8.5,GF,1627007601
578,vrbove,48.6197,17.7226,60.69,88,0,3.44,SK,1627007601
579,itoman,26.1247,127.6694,80.62,92,75,33.38,JP,1627007601
580,moron,-34.6534,-58.6198,58.05,77,100,5.99,AR,1627007464
581,wanaka,-44.7,169.15,45.1,98,0,1.01,NZ,1627007602
582,montbrison,45.6667,4.0833,64.26,87,7,2.89,FR,1627007602
583,prieska,-29.6641,22.7474,29.03,78,0,6.44,ZA,1627007602
584,palabuhanratu,,,,,,,,
585,russkiy kameshkir,52.8589,46.0892,58.23,79,1,6.06,RU,1627007603
586,yerofey pavlovich,53.9667,121.9667,68.02,98,100,2.62,RU,1627007603
587,dwarka,22.2394,68.9678,83.71,83,100,19.24,IN,1627007604
588,mbandaka,0.0487,18.2603,75.18,67,100,3.69,CD,1627007604
589,marsa matruh,31.3525,27.2453,77.2,88,0,4.61,EG,1627007604
590,daru,-9.0763,143.2092,79.86,70,92,12.82,PG,1627007605
591,soe,-9.8607,124.284,83.05,23,16,6.6,ID,1627007605
592,east wenatchee bench,47.4257,-120.2812,82.35,26,1,4.61,US,1627007605
593,miri,4.4148,114.0089,87.94,70,20,2.3,MY,1627007606
594,obihiro,42.9172,143.2044,76.41,67,93,7.27,JP,1627007606
595,suzu,,,,,,,,
596,stettler,52.3168,-112.7186,62.35,63,0,1.14,CA,1627007379
597,san juan,-31.5375,-68.5364,57.29,24,76,1.68,AR,1627007312
598,trelew,-43.249,-65.3051,52.27,50,100,7.63,AR,1627007606
599,gao,16.6362,1.637,87.87,44,67,4.21,ML,1627007607
600,arica,-18.475,-70.3042,59.23,82,90,5.75,CL,1627007607
601,souillac,-20.5167,57.5167,70.18,78,20,11.5,MU,1627007607
602,katherine,-14.4667,132.2667,86.32,30,33,5.75,AU,1627007608
603,tanggu,39.0211,117.6469,85.96,62,100,1.52,CN,1627007608
604,tottori,35.5,134.2333,89.6,74,75,6.91,JP,1627007608
